<publishData>
  <publishTarget publishUrl="D:\Projetos\Deploy\">
    <file relUrl="Pagina/img/il_txt_saiba_mais.gif" publishTime="05/30/2009 16:56:59" />
    <file relUrl="Pagina/img/tit_reuniao.gif" publishTime="05/30/2009 16:56:59" />
    <file relUrl="Imagem/il_fotos3.jpg" publishTime="05/30/2009 16:57:09" />
    <file relUrl="Pagina/img/il_menu_download.png" publishTime="05/30/2009 16:56:59" />
    <file relUrl="Pagina/img/il_menu_espiritismo.png" publishTime="05/30/2009 16:56:59" />
    <file relUrl="Pagina/img/tit_avisos.gif" publishTime="05/30/2009 16:56:59" />
    <file relUrl="Pagina/img/il_txt_ver_todas.gif" publishTime="05/30/2009 16:56:59" />
    <file relUrl="Pagina/img/il_aspas.png" publishTime="05/30/2009 16:56:59" />
    <file relUrl="MasterPage/InternaTresColunas.master" publishTime="06/16/2009 18:26:07" />
    <file relUrl="Pagina/img/bg_body.jpg" publishTime="05/30/2009 16:56:59" />
    <file relUrl="Pagina/css/site.css" publishTime="07/05/2009 22:29:03" />
    <file relUrl="MasterPage/Principal.master" publishTime="07/05/2009 22:41:30" />
    <file relUrl="Pagina/img/il_menu_oceu.png" publishTime="05/30/2009 16:56:59" />
    <file relUrl="Pagina/Teste.aspx" publishTime="06/17/2009 17:38:01" />
    <file relUrl="Pagina/img/btn_buscar.gif" publishTime="05/30/2009 16:56:59" />
    <file relUrl="bin/RogerioCoimbra.DivulgacaoEspirita.Site.dll" publishTime="08/23/2009 14:57:02" />
    <file relUrl="Pagina/img/il_logo_ceu.png" publishTime="05/30/2009 16:56:59" />
    <file relUrl="Pagina/ExemploInterna.aspx" publishTime="06/16/2009 21:21:57" />
    <file relUrl="Imagem/il_fotos2.jpg" publishTime="05/30/2009 16:57:09" />
    <file relUrl="Pagina/img/bg_avisos.jpg" publishTime="05/30/2009 16:56:59" />
    <file relUrl="Web.config" publishTime="08/23/2009 04:53:29" />
    <file relUrl="MasterPage/InternaDuasColunas.master" publishTime="06/16/2009 18:30:30" />
    <file relUrl="Pagina/img/tit_palestrantes.gif" publishTime="05/30/2009 16:56:59" />
    <file relUrl="Imagem/il_fotos1.jpg" publishTime="05/30/2009 16:57:09" />
    <file relUrl="Pagina/img/il_txt_mais_noticias.png" publishTime="05/30/2009 16:56:59" />
    <file relUrl="Pagina/Evangelho.aspx" publishTime="06/16/2009 20:32:06" />
    <file relUrl="Pagina/img/tit_destaques.gif" publishTime="05/30/2009 16:56:59" />
    <file relUrl="Pagina/img/factor_web.png" publishTime="05/30/2009 16:56:59" />
    <file relUrl="Pagina/ExemploHome.aspx" publishTime="06/16/2009 20:48:13" />
    <file relUrl="Pagina/img/il_menu_outras.png" publishTime="05/30/2009 16:56:59" />
    <file relUrl="Pagina/img/tit_evangelho.gif" publishTime="05/30/2009 16:56:59" />
    <file relUrl="bin/RogerioCoimbra.DivulgacaoEspirita.pdb" publishTime="08/23/2009 14:57:02" />
    <file relUrl="Pagina/img/tit_noticias.gif" publishTime="05/30/2009 16:56:59" />
    <file relUrl="bin/RogerioCoimbra.DivulgacaoEspirita.dll" publishTime="08/23/2009 14:57:02" />
    <file relUrl="bin/RogerioCoimbra.DivulgacaoEspirita.Site.pdb" publishTime="08/23/2009 14:57:02" />
    <file relUrl="Imagem/il_destaque.jpg" publishTime="05/30/2009 16:57:09" />
    <file relUrl="Pagina/img/bg_footer.jpg" publishTime="05/30/2009 16:56:59" />
    <file relUrl="MasterPage/InternaTresColunasFoto.master" publishTime="06/16/2009 18:26:24" />
    <file relUrl="Pagina/img/il_footer.png" publishTime="05/30/2009 16:56:59" />
    <file relUrl="Pagina/img/btn_enviar.png" publishTime="07/05/2009 18:34:25" />
    <file relUrl="Pagina/EmConstrucao.aspx" publishTime="08/23/2009 05:01:23" />
    <file relUrl="Pagina/img/ajax-loader.gif" publishTime="08/15/2009 18:22:41" />
    <file relUrl="Pagina/img/tit_fotos.gif" publishTime="05/30/2009 16:56:59" />
    <file relUrl="bin/RogerioCoimbra.DivulgacaoEspirita.xml" publishTime="08/23/2009 14:52:58" />
    <file relUrl="Default.aspx" publishTime="05/30/2009 22:12:33" />
  </publishTarget>
</publishData>